<?xml version="1.0" encoding="UTF-8"?>

<suite name="deafult" parallel="tests" >

	<parameter name="Application_url" value="http://cleartrip.com"></parameter>
	
	<test name="TestChrome" verbose="2">
			<parameter name="Browsername" value="chrome"></parameter>
			<classes>
				<class name="framework.Testng.CrossBrowser.CrossBrowser_Test"></class>
			</classes>
	</test>
	
	
	<test name="Testfirefox" verbose="2">
			<parameter name="Browsername" value="firefox"></parameter>
			<classes>
				<class name="framework.Testng.CrossBrowser.CrossBrowser_Test"></class>
			</classes>
	</test>
</suite>